fuente,titulo,descripcion,url,veracidad
bbc,"Qué se sabe de Tyler Robinson, el joven de 22 años sospechoso del asesinato del activista conservador Charlie Kirk (y cómo fue su captura)","En una rueda de prensa, las autoridades dijeron que los familiares de Robinson ""hicieron lo correcto y lo pusieron a disposición de las fuerzas del orden"".",https://www.bbc.com/mundo/articles/c07vz1r0j3ro,1
bbc,"La ""superautopista"" marina que los carteles sudamericanos usan para enviar droga a Reino Unido y Europa a través de Irlanda",Una operación en la que las autoridades irlandesas decomisaron más de dos toneladas de cocaína expuso la ruta que los narcotraficantes están utilizando para enviar droga a Europa.,https://www.bbc.com/mundo/articles/cdx2e7ydlpvo,1
bbc,"Corea del Norte está ejecutando a cada vez más personas por ver películas y televisión extranjeras, denuncia la ONU",El nuevo informe se basa en más de 300 entrevistas con personas que escaparon de Corea del Norte en los últimos 10 años.,https://www.bbc.com/mundo/articles/c3dr8k733l8o,1
bbc,"El escándalo de los protectores solares en Australia, el país con las tasas de cáncer de piel más altas del mundo",Las pruebas hechas a varias de las principales marcas arrojaron resultados preocupantes.,https://www.bbc.com/mundo/articles/c2dnx84j38no,1
bbc,Resuelven el misterio del intruso que se coló en una boda y mantuvo desconcertados a los novios durante cuatro años,Michelle y John Wylie estuvieron buscando durante años a un misterioso hombre alto con un traje azul.,https://www.bbc.com/mundo/articles/cy8r3k0dmj7o,1
bbc,"""Quiero salvar lo único que me queda, mis hijos"": el pedido desesperado de un médico palestino boliviano atrapado en Gaza","El Dr. Refaat Alathamna y su familia fueron desplazados 10 veces en los últimos 22 meses. El médico pide al gobierno de Bolivia que los saque del ""infierno de Gaza"".",https://www.bbc.com/mundo/articles/c3rvdx1098wo,1
bbc,Jair Bolsonaro condenado: el plan golpista que hundió al expresidente de Brasil y cómo queda ahora su movimiento de extrema derecha,"El Supremo brasileño castiga a Bolsonaro con 27 años de prisión por intento de golpe de Estado y otros cuatro delitos, una decisión histórica que puede tener varios efectos.",https://www.bbc.com/mundo/articles/c059lq1dzqlo,1
bbc,"Quién era Charlie Kirk, el comentarista conservador y aliado de Trump asesinado de un disparo en una universidad en Utah","Kirk, un influyente aliado del presidente de EE.UU. que a los 18 años creó Turning Point USA, murió de un disparo cuando estaba hablando en un evento en un campus de Utah.",https://www.bbc.com/mundo/articles/cd07jv3l0myo,1
bbc,La sencilla prueba que te permite conocer la edad de tus pulmones (y cómo mejorar su salud),"El estado de nuestros pulmones puede revelar mucho sobre nuestra salud en general. Por suerte, es posible también mejorarlo.",https://www.bbc.com/mundo/articles/cvgjpzjlzzzo,1
bbc,La NASA les prohíbe a los ciudadanos chinos acceder a sus instalaciones y trabajar en sus programas espaciales,"A principios de este mes, a los ciudadanos chinos que trabajaban con la NASA de repente se les negó el acceso a todos los sistemas de la agencia federal.",https://www.bbc.com/mundo/articles/clyx7qn1j0do,1
bbc,Bolsonaro a la cárcel: cómo fue el plan golpista por el que fue condenado el expresidente de Brasil,,https://www.youtube.com/watch?v=Suy18mGTHqU,1
bbc,"Quién era Charlie Kirk, el comentarista conservador aliado de Trump asesinado en EE.UU.",,https://www.youtube.com/watch?v=w6VYDA-Exdg,1
bbc,"Drones rusos en Polonia: cómo es la nueva ""cortina de hierro"" que se construye en Europa ante Rusia",,https://www.youtube.com/watch?v=NbQvdJjTdbs,1
bbc,Qué busca Trump con el despliegue militar de EE.UU. en el Caribe cerca de Venezuela,,https://www.youtube.com/watch?v=xusvB9wd5wE&t=8s,1
bbc,Llanito: el singular espanglish que se habla en Gibraltar,,https://www.youtube.com/watch?v=MrxPTNpFh3k,1
bbc,Charlie Kirk: qué se sabe de la muerte del activista conservador y aliado de Trump,"Las razones del suceso siguen sin aclararse, pero las autoridades lanzaron una gran operación para dar con el responsable del crimen.",https://www.bbc.com/mundo/articles/cwydp2p4z5go,1
bbc,"Análisis: ""El asesinato de Charlie Kirk deja al descubierto la sangrienta fractura política de Estados Unidos""",El asesinato de Charlie Kirk es otro episodio de violencia armada en ese país y el último de una serie de recientes episodios de violencia política.,https://www.bbc.com/mundo/articles/cly1egn074ro,1
bbc,"Quién es Larry Ellison, el magnate que se convirtió en el hombre más rico del mundo","La fortuna del cofundador de Oracle ha superado a la de Musk, impulsada por el auge de la inteligencia artificial.",https://www.bbc.com/mundo/articles/c5yqep3zvwvo,1
bbc,"Qué se sabe del Cartel de los Soles, la organización designada como terrorista por EE.UU. y acusada de tener su base en las Fuerzas Armadas de Venezuela",Expertos consultados por BBC Mundo desentrañan los orígenes y la estructura de esta organización designada como terrorista por Estados Unidos y otros países de América.,https://www.bbc.com/mundo/articles/c98lz3lp3plo,1
bbc,"Cómo se explica la caída del 60% de las acciones de Novo Nordisk, el fabricante de Ozempic que llegó a ser la empresa europea más valiosa","La empresa anunció este miércoles que recortará 9.000 empleos, semanas después de advertir que sus beneficios caerán a medida que surjan más medicamentos para bajar de peso de empresas competidoras.",https://www.bbc.com/mundo/articles/c4g2ze9pzk4o,1
bbc,"""Se veían muchos muertos en la selva"": los cientos de cuerpos recuperados en el Darién que las autoridades de Panamá tratan de identificar","Casi un millón de migrantes cruzaron por la inhóspita selva del Darién entre 2022 y 2024, pero muchos pagaron el precio más alto. Ahora Panamá trata de identificar a algunas de las víctimas de la travesía.",https://www.bbc.com/mundo/articles/c33rdvz1l4ro,1
bbc,4 razones que explican la peor derrota electoral de Javier Milei en Argentina desde que es presidente,"Su partido, la Libertad Avanza, fue derrotado ampliamente por la oposición peronista en los comicios para legisladores de la provincia de Buenos Aires.",https://www.bbc.com/mundo/articles/cp3vnezljxvo,1
bbc,Por qué el despliegue del ejército de EE.UU. en el Caribe y los ejercicios militares reavivan una tensión histórica en Puerto Rico,"Puerto Rico, territorio estadounidense desde 1898, es considerado un bastión estratégico por el país norteamericano. Pero allí se han gestado movimientos en contra del militarismo en el pasado.",https://www.bbc.com/mundo/articles/ce86d2er6xgo,1
bbc,"EE.UU. afirma que dos aviones militares de Venezuela sobrevolaron un buque de guerra estadounidense en una maniobra ""altamente provocadora""","El Departamento de Defensa de EE.UU. acusó además a Venezuela de querer interferir con sus operaciones ""en contra del narcoterrorismo"".",https://www.bbc.com/mundo/articles/cy850n4w570o,1
bbc,"""Interpretan como debilidad mi compromiso con la democracia"": entrevista a Bernardo Arévalo, presidente de Guatemala","El entrevista con BBC Mundo, el presidente de Guatemala aborda desde los intentos de derribar su gobierno hasta la violencia de las pandillas y las relaciones con Estados Unidos.",https://www.bbc.com/mundo/articles/c7545w61ly1o,1
bbc,"""Este es un momento oscuro para EE.UU."": el mensaje de Trump ante el asesinato del activista conservador Charlie Kirk","En un mensaje de video, Trump afirmó sentirse ""lleno de dolor e ira por el atroz asesinato de Charlie Kirk"".",https://www.bbc.com/mundo/articles/c784w1n068go,1
bbc,Análisis: la diplomacia queda en ruinas tras el ataque de Israel contra los líderes de Hamás en Qatar,"El ataque de Doha indica que Benjamin Netanyahu presionará con fuerza en todos los frentes, escribe el editor internacional de la BBC, Jeremy Bowen.",https://www.bbc.com/mundo/articles/crkj05vy28po,1
bbc,"Con la incursión de sus drones en Polonia ""Rusia está poniendo a prueba la determinación de la OTAN y Occidente""","Expertos indican que la incursión de varios drones en el espacio aéreo de Polonia es deliberada y está destinada a poner a prueba a la OTAN y Occidente, incluido EE.UU.",https://www.bbc.com/mundo/articles/c5y5vpl9n4lo,1
bbc,El cuerpo hallado en una morgue secreta que podría resolver un misterio que durante 50  años ha intrigado a Medio Oriente,"La BBC descubrió evidencia convincente que indica que el influyente líder chiita libanés Musa al-Sadr fue asesinado en Libia. Es un misterio que, para muchos en Medio Oriente, es comparable al del asesinato de John F. Kennedy en EE.UU.",https://www.bbc.com/mundo/articles/cr5r5eyj0jlo,1
bbc,"""Trump está acostumbrado a eludir las críticas, pero el caso Epstein es diferente""","Si bien no hay indicios de irregularidades por parte de Trump, las consecuencias políticas de la saga de Epstein para el presidente estadounidense son muy reales.",https://www.bbc.com/mundo/articles/czx0k73eg5no,1
bbc,"Encuentran posibles señales de vida pasada en Marte en rocas con ""manchas  de leopardo""","Las inusuales formaciones sedimentarias son la ""evidencia más convincente"" de que pudo haber vida en el planeta rojo, y un motivo para seguir investigando, dijo la agencia estadounidense.",https://www.bbc.com/mundo/articles/cy4j827v9xlo,1
bbc,Los frenéticos meses que dieron origen a la física cuántica hace 100 años,"La teoría despegó con una publicación firmada por un joven físico de 23 años llamado Werner Heisenberg y provocó una “avalancha de artículos científicos” que revolucionaron el mundo, para frustración de Albert Einstein.",https://www.bbc.com/mundo/articles/cj9wmkpwrkdo,1
bbc,"Qué son las ""pelotas de Neptuno"" cargadas de plásticos que aparecen en las playas","Las densas hebras de plantas marinas atrapan los trozos de plástico del mar dando forma a las ""pelotas de Neptuno"".",https://www.bbc.com/mundo/articles/cy7y7vl5kepo,1
bbc,"La fascinante historia de Las Médulas, la mina a cielo abierto más grande del Imperio romano que marcó un hito de la ingeniería antigua",Los incendios que azotaron a España afectaron un paraje cuya fisonomía fue alterada radicalmente por los romanos hace 2.000 años.,https://www.bbc.com/mundo/articles/cpv07w9nndmo,1
bbc,Por qué hay matemáticos que quieren ponerle fin al infinito (y tampoco les gustan los números enormes),"Al deshacerse de lo que no tiene fin y de números absurdamente grandes, todo se facilita, alegan.",https://www.bbc.com/mundo/articles/cn02jnr8z4zo,1
bbc,Cuánta sal es demasiada y por qué consumir muy poca también puede ser perjudicial para la salud,"A pesar de lo peligrosa que puede ser, la sal es importante para el buen funcionamiento de nuestro organismo",https://www.bbc.com/mundo/articles/cwy3y7mwwyxo,1
bbc,En el mundo hay más niños con sobrepeso que con bajo peso por primera vez en la historia: ¿cuál es la situación en América Latina?,El informe muestra que aproximadamente uno de cada diez niños de entre 5 y 19 años vive con obesidad.,https://www.bbc.com/mundo/articles/cly0edg8eeyo,1
bbc,"La inspiradora historia de Jessica López, la mujer ciega que sobrevivió al cáncer y a un triple trasplante y ahora planifica su boda","La extraordinaria historia de una sobreviviente de cáncer ciega que se sometió a un triple trasplante de corazón, riñón e hígado.",https://www.bbc.com/mundo/articles/cyv63grr245o,1
bbc,"Los sorprendentes beneficios del ejercicio ""zona cero"", la actividad con movimientos suaves y sin esfuerzo físico","Tan dominante es la cultura de ""sin esfuerzo no hay ganancia"", que muchas veces pasamos por alto las ventajas de hacer ejercicio ligero.",https://www.bbc.com/mundo/articles/c20enkzlvxdo,1
bbc,7 frutas que contienen más vitamina C que las naranjas,"La reina clásica es superada por otras maravillas, con sabores únicos, historias ricas y beneficios para la salud.",https://www.bbc.com/mundo/articles/c5ypzy6xzn0o,1
bbc,Absuelven 61 años después a una mujer condenada por arrancar parte de la lengua de su agresor durante un intento de violación,"Choi Mal-ja tenía 18 años cuando fue declarada culpable de lesiones corporales graves. Su agresor, de 21 años, recibió una pena menor que ella.",https://www.bbc.com/mundo/articles/c306dn3rvnqo,1
bbc,"El boicot de las estrellas de Hollywood, un enorme concierto de Residente en México y otras acciones de protesta y solidaridad con los palestinos alrededor del mundo","Concentraciones, huelgas de hambre e incluso un boicot de la industria cinematográfica han surgido como modo de protesta contra las acciones de Israel en la Franja de Gaza.",https://www.bbc.com/mundo/articles/c3vzr1q59vxo,1
bbc,"""Si a un niño que quería una muñeca bebé le hubieran dicho 'sí, te la compramos', a lo mejor tendríamos paternidades más responsables""","En su libro ""Macho Menos"", el periodista Nacho Lozano se pregunta: ""¿Es posible aprender a no ser macho?""",https://www.bbc.com/mundo/articles/cp3vwvqxn9do,1
bbc,"Floreana: la ""utopía tropical"" en una isla de las Galápagos que terminó en una misteriosa historia de muertes y desapariciones","Una aventura impulsada por las ideas de Nietzsche llevó a varios europeos a una  isla de Galápagos, pero no todo terminó bien para muchos de ellos.",https://www.bbc.com/mundo/articles/c1jzlg6pe38o,1
bbc,"Cómo surgió Kalimán, el primer superhéroe mexicano que arrasó en el siglo XX y que regresa en una nueva historieta","En la década de 1960 surgió Kalimán, el primer superhéroe de los cómics mexicanos cuya popularidad se hizo insuperable. Una nueva edición revive el mito del ""hombre increíble"".",https://www.bbc.com/mundo/articles/cq68jgy3q4vo,1
bbc,"La larga batalla judicial por el imperio mediático de la familia Murdoch que inspiró la serie ""Sucesión"" y llegó a su fin en la vida real",Lachlan Murdoch retendrá el control del imperio conservador Fox and News Corp según el acuerdo logrado con sus hermanos.,https://www.bbc.com/mundo/articles/c8jm9wrdrxko,1
bbc,"""El capitalismo depredador no funcionó para muchos y ahora esas clases resentidas buscan revancha""","En su ensayo “La era de la revancha”, el periodista Andrea Rizzi analiza la división entre las clases populares y las élites y el resentimiento social en la sociedad hoy en día.",https://www.bbc.com/mundo/articles/c5y07xjj45vo,1
bbc,La pequeña y paradisíaca isla del Caribe a la que una casualidad le está haciendo ganar millones gracias a la IA,"Anguila lleva mucho tiempo obteniendo ingresos de los viajes de lujo, pero recientemente se empezó a beneficiar de su dirección web.",https://www.bbc.com/mundo/articles/c1jn6j44j2eo,1
bbc,Nestlé despide a su director ejecutivo tras descubrir que mantenía una relación romántica con una empleada,"El gigante alimentario afirma que Laurent Freixe tenía una relación ""no revelada"" con ""una subordinada directa"".",https://www.bbc.com/mundo/articles/cy5p5lvngqno,1
bbc,"Por qué es tan difícil para los jóvenes encontrar trabajo en este momento (y qué habilidades necesitan para tener éxito, según un experto de LinkedIn)",El director de oportunidades económicas de LinkedIn da sus consejos sobre cómo deben enfrentarse los jóvenes al nuevo mercado laboral tras la irrupción de la IA.,https://www.bbc.com/mundo/articles/crkz3eeen63o,1
espectador,Colombia potenció estrategia binacional para esquivar posible descertificación de EE. UU.,Durante la última semana se movieron altos funcionarios desde Bogotá hacia Washington con el fin de mostrar resultados en la lucha antinarcóticos. El gobierno del presidente Gustavo Petro quiere incidir en la decisión que está por tomar el republicano Donald Trump. El embajador Daniel García-Peña advirtió que el norteamericano “sigue siendo de lejos el mercado predilecto del narcotráfico”.,https://www.elespectador.com/politica/narcotrafico-en-colombia-gobierno-petro-potencia-estrategia-para-evitar-descertificacion-de-trump-y-washington-noticias-hoy/,1
espectador,“Estados Unidos sigue siendo el mercado predilecto del narcotráfico”: García-Peña,"El embajador de Colombia en Washington, Daniel García-Peña, aguarda resultados de las gestiones del país sobre el proceso de certificación en la lucha antinarcóticos.",https://www.elespectador.com/politica/embajador-de-colombia-en-washington-advierte-sobre-los-riesgos-para-estados-unidos-ante-una-descertificacion-de-colombia-noticias-hoy/,1
espectador,Laura Sarabia será embajadora en Reino Unido: ocupará su quinto cargo en el gobierno Petro,La funcionaria ha ocupado la jefatura de Despacho Presidencial; la dirección del Departamento Administrativo para laProsperidad Socialy del Dapre. Su último cargo fue como ministra de Relaciones Exteriores.,https://www.elespectador.com/politica/laura-sarabia-ocupara-nuevo-cargo-en-el-gobierno-de-gustavo-petro-sera-embajadora-en-reino-unido-noticias-hoy/,1
espectador,Abuso y robo de perros en Ciudad Bolívar reabre debate sobre zoofilia en Colombia,"El caso de un sujeto, en el sur de Bogotá, que robó y abusó de una mascota, pero fue dejado en libertad, revive el debate sobre la necesidad de fortalecer las normas contra el maltrato animal. En el Senado cursa un proyecto, que podría mejorar el panorama.",https://www.elespectador.com/bogota/abuso-y-robo-de-perros-en-ciudad-bolivar-reabre-debate-sobre-zoofilia-en-colombia/,1
espectador,Petro defiende su gestión en Nueva EPS y responde a hallazgos de la Contraloría,"El presidente Gustavo Petro se pronunció este viernes en una alocución dirigida a la opinión pública, en la que respondió al reciente informe de la Contraloría General de la República, que compartió una serie de hallazgos preocupantes en Nueva EPS.",https://www.elespectador.com/salud/petro-defiende-su-gestion-en-nueva-eps-y-responde-a-hallazgos-de-la-contraloria/,1
espectador,Asesinato del líder Germán Roso evidencia el riesgo que enfrentan reclamantes de tierras,"Pese a las denuncias hechas ante las autoridades por amenazas en su contra, el líder fue asesinado en un ataque sicarial en Puerto Salgar (Cundinamarca). La Sociedad de Activos Especiales (SAE) alertó que al menos 11 campesinos y comunidades están en riesgo por intentar recuperar predios ligados a economías ilícitas.",https://www.elespectador.com/judicial/asesinato-del-lider-german-roso-pone-en-evidencia-el-riesgo-para-los-reclamantes-de-tierras/,1
espectador,Colegios en Japón se inspiran en prácticas pedagógicas implementadas en Bogotá,El aula de inspiración tiene un enfoque pedagógico para el manejo de conflictos escolares.,https://www.elespectador.com/bogota/colegio-en-bogota-inspira-creacion-de-aulas-para-los-conflictos-en-japon/,1
espectador,Abuso sexual en la iglesia: este es el proyecto que busca garantizar justicia a las víctimas,En la Cámara de Representantes ya camina un proyecto de ley para crear una comisión de “Investigación para el Esclarecimiento de la Verdad y la reparación integral a las víctimas de delitos de abuso sexual en contextos clericales y religiosos”. Así esperan que funcione el órgano para atender los casos.,https://www.elespectador.com/judicial/abuso-sexual-en-la-iglesia-este-es-el-proyecto-que-busca-garantizar-justicia-a-las-victimas/,1
espectador,"Jair Bolsonaro: el que la hace, la paga",,https://www.elespectador.com/opinion/editorial/jair-bolsonaro-el-que-la-hace-la-paga/,1
espectador,El río,,https://www.elespectador.com/opinion/columnistas/julio-cesar-londono/el-rio/,1
espectador,La ronda infantil de “El metro es una realidad”,,https://www.elespectador.com/opinion/columnistas/catalina-uribe-rincon/la-ronda-infantil-de-el-metro-es-una-realidad/,1
espectador,La trampa de lo extraordinario,,https://www.elespectador.com/opinion/columnistas/cristina-nicholls/la-trampa-de-lo-extraordinario/,1
espectador,Liga BetPlay: Junior dejó escapar la victoria en casa frente a Equidad,"Gonzalo Paiva adelantó al cuadro tiburón, pero Jovany Bolívar, en los minutos finales, decretó el 1-1 definitivo en Barranquilla.",https://www.elespectador.com/deportes/futbol-colombiano/junior-fc/liga-betplay-junior-dejo-escapar-la-victoria-en-casa-frente-a-equidad-barranquilla/,1
espectador,Las imágenes ganadoras del mayor concurso de fotografía espacial del mundo,"Las ganadoras de este concurso, el mayor certamen internacional de este tipo, muestran desde espectaculares paisajes celestes hasta impresionantes imágenes de planetas y galaxias lejanas.",https://www.elespectador.com/ciencia/las-imagenes-ganadoras-del-mayor-concurso-de-fotografia-espacial-del-mundo/,1
espectador,"Qué hacer este fin de semana en Bogotá: conciertos, obras de teatro y más planes","Septiembre continúa cargado de eventos culturales para los amantes de la música, el arte y el teatro en la capital.",https://www.elespectador.com/el-magazin-cultural/que-hacer-este-fin-de-semana-en-bogota-conciertos-obras-de-teatro-y-mas-planes-6/,1
espectador,"Los carros más atractivos, confiables y de mayor calidad en 2025","La consultora estadounidense J.D. Power ha identificado, en lo que va del año, los modelos que se destacan por su atractivo, confiabilidad y calidad.",https://www.elespectador.com/autos/los-carros-mas-atractivos-confiables-y-de-mayor-calidad-en-2025/,1
espectador,"Negro Fest 2025: pasarela Black Nation, cocina ancestral y emprendimiento","Este año, el festival a favor de la visibilidad afrocolombiana tendrá como gran aliado a Compensar y, con su oferta, busca resignificar el valor de la palabra “negro”.",https://www.elespectador.com/especiales/negro-fest-2025-pasarela-black-nation-cocina-ancestral-y-emprendimiento/,1
espectador,Un deseo y mucho coraje,,https://www.elespectador.com/opinion/columnistas/sorayda-peguero/un-deseo-y-mucho-coraje/,1
espectador,"La sucesión Murdoch: política, poder y un único heredero","La pelea entre los hijos de Rupert Murdoch por las compañías que agrupan a Fox News terminó por cimentar el poder de uno de los herederos y, con él, la visión sobre la política y el mundo de uno de los principales imperios mediáticos a nivel global.",https://www.elespectador.com/economia/empresas/la-sucesion-murdoch-politica-poder-y-un-unico-heredero/,1
espectador,Rusia intensifica sus campañas de desinformación y EE. UU. deja de frenarlas,"Rusia usa Moldavia como “campo de pruebas” para su nueva injerencia electoral con IA, mientras Trump desmonta la defensa contra la desinformación.",https://www.elespectador.com/mundo/america/rusia-intensifica-sus-campanas-de-desinformacion-y-ee-uu-deja-de-frenarlas/,1
espectador,Asesinato de Charlie Kirk evidencia violencia política y crisis armamentista en EE. UU.,"Ataque a activista de derecha en Utah refleja la creciente ola de ataques contra líderes en EE. UU., con más de 150 incidentes registrados en 2025.",https://www.elespectador.com/mundo/america/asesinato-de-charlie-kirk-evidencia-violencia-politica-y-crisis-armamentista-en-ee-uu/,1
espectador,"Media Maratón Villa de Leyva 2025: rutas, entrega de kits para corredores y más",La Media Maratón Villa de Leyva 2025 contará con rutas que recorren lugares como los Pozos Azules.,https://www.elespectador.com/bienestar-y-amor/media-maraton-villa-de-leyva-2025-rutas-y-entrega-de-kits-para-corredores/,1
espectador,Cinco flores que transformarán su balcón con aroma y color,"Llene su balcón de vida y fragancia con plantas resistentes que, además de embellecer, aportan beneficios prácticos y atraen polinizadores.",https://www.elespectador.com/la-huerta/cinco-flores-que-transformaran-su-balcon-con-aroma-y-color/,1
espectador,Caminatas en La Vega: cuatro rutas para explorar paisajes y biodiversidad,"La Vega, a tan solo una hora de Bogotá, se ha consolidado como uno de los destinos ecoturísticos más atractivos de Cundinamarca.",https://www.elespectador.com/turismo/senderismo-en-la-vega-destinos-ideales-a-una-hora-de-bogota/,1
espectador,Así es el nuevo televisor TCL C8K que llega a Colombia con tecnología QD-Mini LED,"Este modelo aterriza al país con un diseño delgado, alto nivel de brillo y herramientas pensadas para el cine en casa y los videojuegos.",https://www.elespectador.com/tecnologia/asi-es-el-nuevo-televisor-tcl-c8k-que-llega-a-colombia-con-tecnologia-qd-mini-led/,1
espectador,El intento del exjefe paramilitar “Don Berna” para quedar libre en Estados Unidos,"El Espectadorconoció detalles de la estrategia del antiguo jefe de la Oficina de Envigado para salir de prisión en ese país, en la que alega tener un delicado estado de salud. El considerado sucesor de Pablo Escobar ha confesado ser uno de los artífices del asesinato de Jaime Garzón, entre otros graves crímenes de lesa humanidad perpetrados con agentes del Estado.",https://www.elespectador.com/judicial/el-intento-del-exjefe-paramilitar-don-berna-para-quedar-libre-en-estados-unidos/,1
espectador,¿Cómo detectar posible corrupción en contratos públicos en Colombia? Le contamos,La lucha contra la corrupción requiere de una ciudadanía activa y capacitada para detectar el mal uso de recursos públicos.El Espectadorlanzó la campañaCuidemos las regalíascon el propósito de enseñar a sus lectores cómo contribuir a esta tarea.,https://www.elespectador.com/investigacion/como-detectar-posible-corrupcion-en-contratos-publicos-en-colombia-le-contamos/,1
espectador,El plan de los menonitas para reparar presuntos daños ambientales en el Meta,El Espectador conoció el documento presentado a la Fiscalía y a Cormacarena por parte de 12 miembros de una comunidad cristiana extranjera que se asentó desde 2016 en Colombia. El ente investigador dice que deforestaron más de 100 hectáreas y construyeron cuatro puentes que invaden ecosistemas acuáticos.,https://www.elespectador.com/investigacion/el-plan-de-los-menonitas-para-reparar-presuntos-danos-ambientales-en-el-meta-habrian-deforestado-100-hectareas/,1
espectador,Menonitas negocian con la Fiscalía en investigación por delitos ambientales en el Meta,Se trata de 12 miembros de una comunidad religiosa que estarían dispuestos a colaborar con la justicia a cambio de beneficios judiciales. El ente investigador dice que deforestaron más de 100 hectáreas y construyeron cuatro puentes que invaden ecosistemas acuáticos.,https://www.elespectador.com/judicial/menonitas-negocian-con-la-fiscalia-por-presuntos-delitos-ambientales-en-el-meta/,1
espectador,"El pacto que no fue entre empresarios, el Estado y víctimas de despojo en el Urabá","Engañadas, así se sienten las víctimas de la vereda Casanova, en Turbo (Antioquia). Tres años después de un fallo de restitución de tierras a su favor, y cuatro del acuerdo que hicieron con los empresarios para entregar sus predios y dejar de oponerse a la construcción de un terminal portuario allí, no han sido reparadas en su totalidad.",https://www.elespectador.com/investigacion/el-pacto-que-no-fue-entre-empresarios-el-estado-y-victimas-de-despojo-en-el-uraba/,1
espectador,¿Por qué Bogotá fue elegida sede del Día Mundial de las Ciudades 2025?,"La capital del país fue seleccionada entre casi 200 ciudades para albergar este evento. La secretaria del Hábitat de Bogotá explica en detalle cómo ha sido el proceso de organización de un evento de este nivel, que se llevará a cabo el próximo 30 y 31 de octubre y que servirá para mostrarle al mundo y discutir los avances de las ciudades en temas como sostenibilidad, resiliencia, hábitat digno, tecnología para el beneficio de los ciudadanos e inclusión.",https://www.elespectador.com/especiales/por-que-bogota-fue-elegida-sede-del-dia-mundial-de-las-ciudades-2025/,1
espectador,"Arqueología de los campos de batalla, tras las huellas del combate","La tierra guarda sus propias versiones de los conflictos. Desde hace años, la arqueología ha venido estudiando enfrentamientos armados —ya sean grandes batallas entre ejércitos o escaramuzas más pequeñas— con un objetivo: reconstruir el pasado bélico a partir de su materialidad y ofrecer así una narrativa más completa.",https://www.elespectador.com/podcast-espanol-el-espectador/arqueologia-de-los-campos-de-batalla-tras-las-huellas-del-combate/,1
espectador,Yannai Kadamani y su inesperado viaje al Ministerio de las Culturas,"En este episodio de El refugio de los tocados, viajamos junto a Yannai Kadamani Fonrodona —ministra de las Culturas, las Artes y los Saberes— por una Ítaca personal y profesional que jamás imaginó recorrer. A partir del poema de Constantino Kavafis, descubrimos sus orígenes, su mirada sobre el arte y la vida, y cómo un camino que no planeaba la llevó a liderar la cultura en Colombia.",https://www.elespectador.com/podcast-espanol-el-espectador/jamas-pense-en-ser-ministra-yannai-kadamani-y-su-inesperado-viaje-al-ministerio-de-las-culturas/,1
espectador,"Corferias abre sus puertas a la Feria del Hogar 2025, inspirada en las regiones",El evento se presenta como un espacio de encuentro que dinamiza la economía y celebra la vida en familia. Esto es lo que debe saber sobre la edición número 42 del encuentro.,https://www.elespectador.com/punto-de-encuentro/corferias-abre-sus-puertas-a-la-feria-del-hogar-2025-inspirada-en-las-regiones/,1
espectador,"Educación superior, inversión humana que trasciende lo económico","La educación superior coadyuva a promover la formación humanística, el pensamiento crítico, el desarrollo de habilidades y competencias.",https://www.elespectador.com/punto-de-encuentro/educacion-superior-inversion-humana-que-trasciende-lo-economico/,1
espectador,La Unipamplona le apuesta al conocimiento para transformar a Colombia,"La Universidad de Pamplona abre sus nuevos programas de doctorado en modalidad híbrida, con becas del 30 % y líneas de investigación diseñadas para responder a los grandes desafíos de Colombia, formando líderes capaces de transformar el país desde la academia.",https://www.elespectador.com/punto-de-encuentro/la-unipamplona-le-apuesta-al-conocimiento-para-transformar-a-colombia/,1
espectador,Zeekr acelera en Colombia con el nuevo Zeekr X Sport,"La marca del Grupo Geely sacude el mercado colombiano con el nuevo X Sport, un eléctrico urbano y sofisticado que abre las puertas del lujo sostenible. Con diseño escandinavo minimalista y tecnología integrable al estilo de vida de las personas, Zeekr irrumpe con fuerza como un nuevo jugador en la era de la movilidad. Una marca para espíritus audaces.",https://www.elespectador.com/punto-de-encuentro/zeekr-acelera-en-colombia-con-el-nuevo-zeekr-x-sport/,1
espectador,¿Cuánto dinero ganarán Canelo y Crawford en la pelea del año?,"El mexicano y el estadounidense, quienes suman 108 peleas combinadas sin haber sufrido un solo nocaut, se verán las caras en Las Vegas.",https://www.elespectador.com/deportes/mas-deportes/cuanto-dinero-ganaran-canelo-y-crawford-por-la-pelea-de-boxeo-saul-alvarez-la-vegas/,1
espectador,Angelita pesaba solo dos kilos cuando fue rescatada en Ciudad Bolívar: busca apoyo,"Rescatada en condiciones críticas, Angelita enfrenta una dura recuperación. La fundación Rex en Dos Patas pide apoyo para salvarla.",https://www.elespectador.com/la-red-zoocial/perros/angelita-pesaba-solo-dos-kilos-cuando-fue-rescatada-en-ciudad-bolivar-busca-apoyo/,1
espectador,¿A qué edad los gatos entran en deterioro cognitivo?,"Identificar pronto señales como la confusión, las alteraciones en el descanso, el abandono de la higiene o un maullido más frecuente permite favorecer el bienestar del felino y ofrecerle mejores cuidados en su vejez.",https://www.elespectador.com/la-red-zoocial/gatos/a-que-edad-los-gatos-entran-en-deterioro-cognitivo/,1
espectador,Hay que equilibrar el negocio de las telecomunicaciones en Colombia: ASIET,"La Asociación Interamericana de Empresas de Telecomunicaciones cree que, sin unas reglas de juego claras, la capacidad inversora de esta industria corre peligro en Colombia.",https://www.elespectador.com/economia/hay-que-equilibrar-el-negocio-de-las-telecomunicaciones-en-colombia-asiet/,1
espectador,60% de descuento Disney +,,https://www.descuentos.elespectador.com/cupon-descuento-disney-plus?utm_source=interno&utm_medium=bloque_home&utm_campaign=multialiados,1
espectador,15% de descuento,,https://www.descuentos.elespectador.com/cupon-de-descuento-airalo?utm_source=interno&utm_medium=bloque_home&utm_campaign=multialiados,1
espectador,5% de descuento,,https://www.descuentos.elespectador.com/codigo-de-descuento-bylmo?utm_source=interno&utm_medium=bloque_home&utm_campaign=multialiados,1
espectador,10% de descuento,,https://www.descuentos.elespectador.com/cupon-promocional-lili-pink?utm_source=interno&utm_medium=bloque_home&utm_campaign=multialiados,1
espectador,Apple pierde otro importante ejecutivo de inteligencia artificial,"Los problemas de Apple con la IA han pesado sobre el precio de sus acciones, que han caído casi un 7% este año.",https://www.elespectador.com/economia/apple-pierde-otro-importante-ejecutivo-de-inteligencia-artificial/,1
espectador,Cinco destinos románticos en Colombia para el Día del Amor y la Amistad,"Colombia ofrece destinos románticos que van desde playas caribeñas y pueblos coloniales hasta ciudades llenas de cultura, ideales para celebrar el amor y la amistad.",https://www.elespectador.com/turismo/cinco-destinos-romanticos-en-colombia-para-el-dia-del-amor-y-la-amistad/,1
espectador,Brasil reafirma su democracia y su rol en el mundo,,https://www.elespectador.com/opinion/columnistas/beatriz-miranda/brasil-reafirma-su-democracia-y-su-rol-en-el-mundo/,1
espectador,"Capturan a alias el “Sastre”, señalado por ataque con explosivos en Medellín","El Ejército y la Fiscalía detuvieron en flagrancia a un presunto integrante de las disidencias de las Farc de alias “Calarcá”, señalado de participar en el atentado contra una torre de energía de EPM en el oriente de Medellín el pasado 10 de septiembre.",https://www.elespectador.com/judicial/capturan-a-alias-el-sastre-senalado-por-ataque-con-explosivos-en-medellin/,1
espectador,La nueva apuesta del Gobierno para acelerar la transición energética en Colombia,"Un documento publicado por el Minminas definió las reglas para que dos proyectos de minería o energía puedan funcionar en una misma área. El gremio de empresas de energías renovables del país llevaba varios meses insistiendo en la necesidad de esta resolución, que desestancaría 500 megavatios en proyectos, suficiente para abastecer a un millón de personas en un año.",https://www.elespectador.com/ambiente/la-nueva-apuesta-del-gobierno-para-acelerar-la-transicion-energetica-en-colombia/,1
colombiaCheck,Creador de contenido mezcla impuestos ficticios de la reforma tributaria con otros verdaderos,"El proyecto de ley no contempla gravar las cuotas de administración de conjuntos ni a todos los vehículos; aunque sí fijar IVA para la gasolina, ACPM y compras online.",https://colombiacheck.com/chequeos/creador-de-contenido-mezcla-impuestos-ficticios-de-la-reforma-tributaria-con-otros,0
colombiaCheck,Letrero de “Fuera Petro” durante partido Colombia vs Bolivia en Barranquilla es un montaje,"En la transmisión en vivo del partido no aparece el letrero, que fue agregado digitalmente.",https://colombiacheck.com/chequeos/letrero-de-fuera-petro-durante-partido-colombia-vs-bolivia-en-barranquilla-es-un-montaje,0
colombiaCheck,Sátira suplanta a El Tiempo con montaje sobre servicio militar en Venezuela para novios colombianos,"Sí, era chiste. El supuesto decreto de Maduro no existe, pero ‘se metió’ en Olímpica Stereo y en redes como si fuera una noticia real.",https://colombiacheck.com/chequeos/satira-suplanta-el-tiempo-con-montaje-sobre-servicio-militar-en-venezuela-para-novios,0
colombiaCheck,Mensajes contra nueva tributaria mezclan impuestos ficticios y otros ya vigentes con aumentos reales,"La reforma radicada no contempla gravar las administraciones de conjuntos, la venta de un apartamento o impuestos de renta a salarios de hasta cinco millones.",https://colombiacheck.com/chequeos/mensajes-contra-nueva-tributaria-mezclan-impuestos-ficticios-y-otros-ya-vigentes-con,0
colombiaCheck,Audios atribuyen falsamente a autoridades de Cali supuestas alertas de bomba en sitios públicos,"La Gobernación del Valle, la Alcaldía y la Terminal de Transporte de la ciudad desmintieron estas notas de voz anónimas que circulan por WhatsApp.",https://colombiacheck.com/chequeos/audios-atribuyen-falsamente-autoridades-de-cali-supuestas-alertas-de-bomba-en-sitios,0
colombiaCheck,Juicios al duelo de Claudia Tarazona y sus hijas por Miguel Uribe sacan de contexto fotos viejas,Las imágenes de un viaje familiar de 2023 son utilizadas como si fueran posteriores al asesinato del exsenador con el fin de atacar a su familia.,https://colombiacheck.com/chequeos/juicios-al-duelo-de-claudia-tarazona-y-sus-hijas-por-miguel-uribe-sacan-de-contexto-fotos,0
colombiaCheck,Ataques machistas a Claudia Tarazona la revictimizan con mentiras sobre la herencia de Uribe Turbay,La desinformación da falsos valores de la pensión de sobreviviente y de una supuesta mansión sin bases en la historia laboral o los bienes del asesinado opositor.,https://colombiacheck.com/chequeos/ataques-machistas-claudia-tarazona-la-revictimizan-con-mentiras-sobre-la-herencia-de-uribe,0
colombiaCheck,"Mentira sobre empleo del esposo de Agudelo, arma contra Balanta en guerra sucia por C. Constitucional",El documento utilizado para decir que el gobierno Petro “acaba de entregarle” un contrato a la pareja de la congresista para que vote por esa candidata corresponde a un vínculo que acabó en 2024.,https://colombiacheck.com/chequeos/mentira-sobre-empleo-del-esposo-de-agudelo-arma-contra-balanta-en-guerra-sucia-por-c,0
colombiaCheck,Una IA habría creado este montaje de Álvaro Uribe Vélez en la tumba de Miguel Uribe Turbay,La lápida tiene errores en el nombre y la fecha que delatan la falsedad. La imagen circuló antes de la verdadera visita del expresidente a la sepultura del exsenador asesinado.,https://colombiacheck.com/chequeos/una-ia-habria-creado-este-montaje-de-alvaro-uribe-velez-en-la-tumba-de-miguel-uribe-turbay,0
colombiaCheck,Montaje de video que muestra una captura ficticia de Maduro habría sido creado con IA,El gobernante de Venezuela sigue libre. La grabación manipulada presenta altas probabilidades e indicios del uso de inteligencia artificial para su producción.,https://colombiacheck.com/chequeos/montaje-de-video-que-muestra-una-captura-ficticia-de-maduro-habria-sido-creado-con-ia,0
colombiaCheck,Video de Uribe abucheado en Uniagustiniana es viejo y no después de salir de su casa por cárcel,"Ocurrió en abril de 2024. La desinformación, movida por cuentas petristas, se suma a otras tergiversaciones similares contra el expresidente.",https://colombiacheck.com/chequeos/video-de-uribe-abucheado-en-uniagustiniana-es-viejo-y-no-despues-de-salir-de-su-casa-por,0
colombiaCheck,Pelea ficticia entre Petro y Jorge Alfredo Vargas fue creada con IA,Ni siquiera existe el supuesto programa de televisión ‘Vive Bogotá’ del que se dice que el presidente fue expulsado.,https://colombiacheck.com/chequeos/pelea-ficticia-entre-petro-y-jorge-alfredo-vargas-fue-creada-con-ia,0
colombiaCheck,"Imagen de Maduro arrestado, creada con IA, circula en medio de tensiones entre Venezuela y EE. UU.","Dedos fusionados y la marca de agua de Grok, la inteligencia artificial de X, son algunos de los detalles que demuestran la falsedad de la supuesta foto.",https://colombiacheck.com/chequeos/imagen-de-maduro-arrestado-creada-con-ia-circula-en-medio-de-tensiones-entre-venezuela-y,0
colombiaCheck,Montajes de imputado por bomba en Cali con camisetas de Petro y Francia Márquez habrían usado IA,Las imágenes manipuladas circulan con mensajes en redes que vinculan a alias ‘Sebastián’ con el gobierno actual y las ‘primeras líneas’ de las protestas contra el de Iván Duque.,https://colombiacheck.com/chequeos/montajes-de-imputado-por-bomba-en-cali-con-camisetas-de-petro-y-francia-marquez-habrian,0
colombiaCheck,Video viejo circula como si fuera un sobrevuelo estadounidense en Venezuela en agosto de 2025,La desinformación alienta la idea de que el reciente despliegue de activos militares norteamericanos en el Caribe sería preámbulo de una invasión.,https://colombiacheck.com/chequeos/video-viejo-circula-como-si-fuera-un-sobrevuelo-estadounidense-en-venezuela-en-agosto-de,0
colombiaCheck,"Quienes piden declarar incapacidad mental de Petro son políticos, no la Asociación de Psiquiatría","El video que se ha difundido como una solicitud de la agremiación médica al Senado no tiene nada que ver con ella, sino con grupos de derecha en campaña con esta narrativa basada en rumores.",https://colombiacheck.com/chequeos/quienes-piden-declarar-incapacidad-mental-de-petro-son-politicos-no-la-asociacion-de,0
colombiaCheck,Supuestos medios no prueban cita judicial de EE. UU. a Cepeda sobre narcotráfico y falsean su reacción,"No hay registro de tal aviso ni de la respuesta atribuida al aspirante presidencial, quien recién pidió una consulta oficial para saber si existen casos en su contra en ese país.",https://colombiacheck.com/chequeos/supuestos-medios-no-prueban-cita-judicial-de-ee-uu-cepeda-sobre-narcotrafico-y-falsean-su,0
colombiaCheck,Video viejo de accidente de avioneta circula como si fuera de atentado del 21 de agosto en Cali,Las imágenes de una aeronave blanca envuelta en llamas no son del reciente acto terrorista con camión bomba en la capital del Valle del Cauca.,https://colombiacheck.com/chequeos/video-viejo-de-accidente-de-avioneta-circula-como-si-fuera-de-atentado-del-21-de-agosto-en,0
colombiaCheck,Veto a Jota Pe Hernández falsamente atribuido al Centro Democrático alude a consulta inexistente,"El senador de Alianza Verde no podría participar en una elección interna de ese otro partido, que tampoco planea escoger su candidatura presidencial en las urnas.",https://colombiacheck.com/chequeos/veto-jota-pe-hernandez-falsamente-atribuido-al-centro-democratico-alude-consulta,0
colombiaCheck,Noticia vieja sobre anuncio de Trump contra Colombia por no recibir deportados circula como reciente,"Aunque las publicaciones dicen que es de “última hora”, ocurrió en enero de 2025, en la crisis diplomática por el envío de migrantes en vuelos militares.",https://colombiacheck.com/chequeos/noticia-vieja-sobre-anuncio-de-trump-contra-colombia-por-no-recibir-deportados-circula,0
colombiaCheck,"Con foto vieja sin contexto de Petro en la ONU, dicen que otros presidentes se fueron para no oírlo","La imagen es del discurso del mandatario en la Asamblea General de 2023. Antes de su intervención, habían dado un receso y por eso había sillas vacías.",https://colombiacheck.com/chequeos/con-foto-vieja-sin-contexto-de-petro-en-la-onu-dicen-que-otros-presidentes-se-fueron-para,0
colombiaCheck,Montaje con IA simula a la presidenta de México pidiendo la extradición de Álvaro Uribe,Sheinbaum no ha hecho la declaración en la que supuestamente se refirió al exmandatario como delincuente. En el video se detectó uso de inteligencia artificial.,https://colombiacheck.com/chequeos/montaje-con-ia-simula-la-presidenta-de-mexico-pidiendo-la-extradicion-de-alvaro-uribe,0
colombiaCheck,Imitación a BBC sigue libreto de Petro y ELN sobre asesinato de Uribe Turbay para atacar a su papá,La desinformación suplanta al medio para mover el señalamiento sin pruebas de que el crimen fue un ‘ajuste de cuentas’ entre mafias de esmeralderos.,https://colombiacheck.com/chequeos/imitacion-bbc-sigue-libreto-de-petro-y-eln-sobre-asesinato-de-uribe-turbay-para-atacar-su,0
colombiaCheck,Video satírico sobre tren de Buenaventura atribuido a Petro fue grabado en Estados Unidos,"El propio presidente y sus seguidores ya han caído en presentar como logros otras grabaciones del mismo usuario, que las hace como burla al gobierno desde Norteamérica.",https://colombiacheck.com/chequeos/video-satirico-sobre-tren-de-buenaventura-atribuido-petro-fue-grabado-en-estados-unidos,0
colombiaCheck,Juicio contra Nicolás Petro aún ni empieza y en redes ya dicen que se suspendió por ‘orden’ suya,"La defensa del exdiputado le solicitó suspender la audiencia preparatoria, pero el juez reprochó el recurso y reanudó la diligencia un día después.",https://colombiacheck.com/chequeos/juicio-contra-nicolas-petro-aun-ni-empieza-y-en-redes-ya-dicen-que-se-suspendio-por-orden,0
colombiaCheck,Este video en el que suben a una ballena a un barco para quitarle percebes fue creado con IA,Las imágenes que circulan en redes sociales no son reales: fueron creadas con inteligencia artificial por un canal dedicado a producir contenido ficticio.,https://colombiacheck.com/chequeos/este-video-en-el-que-suben-una-ballena-un-barco-para-quitarle-percebes-fue-creado-con-ia,0
colombiaCheck,Cadena falsa sobre visitas que suplantan al MinInterior alarma en Colombia y pasó por otros países,"La entidad ya había dicho que el mensaje viral, donde su nombre está mal, es mentira. La misma desinformación ha sido desmentida en Venezuela, México y España.",https://colombiacheck.com/chequeos/cadena-falsa-sobre-visitas-que-suplantan-al-mininterior-alarma-en-colombia-y-paso-por,0
colombiaCheck,Video engaña al asociar alerta por inscripción inusual de votantes con zona binacional y migrantes,"Aunque la Procuraduría advirtió del aumento extraordinario en el registro de cédulas, este no se concentra en municipios fronterizos ni incluye a personas extranjeras.",https://colombiacheck.com/chequeos/video-engana-al-asociar-alerta-por-inscripcion-inusual-de-votantes-con-zona-binacional-y,0
colombiaCheck,Video incita negacionismo del asesinato de Miguel Uribe con montaje de audio a su viuda en el funeral,Editaron con IA una conversación inaudible entre Claudia Tarazona y otra familiar para alentar la narrativa falsa de que el crimen fue un montaje y él está en Miami.,https://colombiacheck.com/chequeos/video-incita-negacionismo-del-asesinato-de-miguel-uribe-con-montaje-de-audio-su-viuda-en,0
colombiaCheck,Pieza suplanta a W Radio para atribuirle a Cabal rechazo e insultos contra Jota Pe Hernández,El montaje imita una plantilla de la emisora una supuesta frase de la senadora y precandidata presidencial de la que no hay ningún registro.,https://colombiacheck.com/chequeos/pieza-suplanta-w-radio-para-atribuirle-cabal-rechazo-e-insultos-contra-jota-pe-hernandez,0
colombiaCheck,Revive cadena contra procesos de paz falsamente atribuida a Diana Uribe,Esta desinformación circula desde 2016 y ya la habíamos desmentido en 2023. La misma divulgadora de historia negó ser la autora del texto.,https://colombiacheck.com/chequeos/revive-cadena-contra-procesos-de-paz-falsamente-atribuida-diana-uribe,0
colombiaCheck,Video serofóbico le atribuye testimonio apócrifo a MinIgualdad sobre transmisión de VIH a Petro,"Juan Carlos Florián, quien recién asumió el cargo, sí vive con ese virus, pero nunca ha hablado de que el presidente lo haya adquirido en supuestas relaciones con él.",https://colombiacheck.com/chequeos/video-serofobico-le-atribuye-testimonio-apocrifo-minigualdad-sobre-transmision-de-vih,0
colombiaCheck,Es falso este video viral de una orca atacando a su entrenadora: fue generado con inteligencia artificial,El parque donde habría ocurrido el hecho no existe y tampoco hay registros de la supuesta entrenadora Jessica Radcliffe.,https://colombiacheck.com/chequeos/es-falso-este-video-viral-de-una-orca-atacando-su-entrenadora-fue-generado-con,0
colombiaCheck,"Cita sobre desmantelar DEA, CIA y FBI para acabar carteles en México es falsamente atribuida a Xi",Es una frase apócrifa del presidente de China que circula luego de que Trump ordenó el uso del ejército de Estados Unidos contra el narcotráfico fuera de su país.,https://colombiacheck.com/chequeos/cita-sobre-desmantelar-dea-cia-y-fbi-para-acabar-carteles-en-mexico-es-falsamente,0
colombiaCheck,Video que muestra a Donald Trump bailando en el techo de la Casa Blanca fue manipulado digitalmente,"El presidente de Estados Unidos subió el 5 de agosto a la cubierta de la sede de Gobierno, pero en ningún momento se le vio bailando.",https://colombiacheck.com/chequeos/video-que-muestra-donald-trump-bailando-en-el-techo-de-la-casa-blanca-fue-manipulado,0
colombiaCheck,Viejo contrato de Miguel Uribe con UNGRD es sacado de contexto para insinuar corrupción sin pruebas,"El vínculo con Gestión del Riesgo existió, pero en 2020, durante el gobierno Duque. No se relaciona con el escándalo del gobierno actual por hechos de 2023 y 2024.",https://colombiacheck.com/chequeos/viejo-contrato-de-miguel-uribe-con-ungrd-es-sacado-de-contexto-para-insinuar-corrupcion,0
colombiaCheck,Video de Adele con la bandera de Colombia es viejo y no tiene nada que ver con Petro ni con Gaza,La cantante sostuvo el tricolor nacional en un concierto en Las Vegas en septiembre de 2023 porque un fan se la regaló. No hubo ningún gesto o palabra sobre el presidente ni su apoyo a Palestina.,https://colombiacheck.com/chequeos/video-de-adele-con-la-bandera-de-colombia-es-viejo-y-no-tiene-nada-que-ver-con-petro-ni-0,0
colombiaCheck,Montaje simula discurso de Petro diciendo que no le alegra ni entristece la muerte de Miguel Uribe,El clip fue manipulado con inteligencia artificial. El presidente ha reconocido que el atentado al opositor es un fracaso de su gobierno.,https://colombiacheck.com/chequeos/montaje-simula-discurso-de-petro-diciendo-que-no-le-alegra-ni-entristece-la-muerte-de,0
colombiaCheck,Empresa alemana vinculada con Venezuela y Cuba no está detrás del nuevo convenio para fabricación de pasaportes en Colombia,"La compañía Veridos manifestó en 2024 interés de quedarse con el contrato, pero el negocio nunca se concretó.",https://colombiacheck.com/chequeos/empresa-alemana-vinculada-con-venezuela-y-cuba-no-esta-detras-del-nuevo-convenio-para,0
colombiaCheck,Petro publicó y borró imágenes creadas con IA de manifestación en Japón a favor de Palestina,Las supuestas fotos revelan rasgos característicos de contenido generado con inteligencia artificial. No hay evidencia de protestas propalestinas recientes de esa magnitud en el país nipón.,https://colombiacheck.com/chequeos/petro-publico-y-borro-imagenes-creadas-con-ia-de-manifestacion-en-japon-favor-de-palestina,0
colombiaCheck,Montaje aparenta que la presidenta de México calificó el magnicidio de Uribe Turbay como algo ‘bueno’,"Hasta ahora, Sheinbaum no se ha referido al asesinato del senador y precandidato presidencial colombiano. Anteriormente condenó el atentado. El video sería de IA.",https://colombiacheck.com/chequeos/montaje-aparenta-que-la-presidenta-de-mexico-califico-el-magnicidio-de-uribe-turbay-como,0
colombiaCheck,Mensaje contra Miguel Uribe tras su muerte recicla montaje que le atribuye frase sobre EPS,No existe registro que el asesinado senador y precandidato presidencial haya dicho que “las EPS prestarían un mejor servicio si los usuarios no se enfermaran”.,https://colombiacheck.com/chequeos/mensaje-contra-miguel-uribe-tras-su-muerte-recicla-montaje-que-le-atribuye-frase-sobre-eps,0
colombiaCheck,Petro trató de descalificar foto verdadera de marcha contra la condena de Álvaro Uribe,"El presidente se sumó a cuentas de redes, periodistas y a la IA Grok, que pusieron en duda la autenticidad de la imagen de la Plaza de Bolívar de Bogotá.",https://colombiacheck.com/chequeos/petro-trato-de-descalificar-foto-verdadera-de-marcha-contra-la-condena-de-alvaro-uribe,0
colombiaCheck,Tres años de Petro: la oposición da un balance más acertado del gobierno que el presidente,"El mandatario y tres voceras que lo contradijeron el 20 de julio en el Capitolio tocaron varios temas comunes. Al verificar sus afirmaciones, a las congresistas les fue mejor.",https://colombiacheck.com/chequeos/tres-anos-de-petro-la-oposicion-da-un-balance-mas-acertado-del-gobierno-que-el-presidente,0
colombiaCheck,Valencia y Garrido responden con mayoría de datos ciertos a impreciso balance de seguridad de Petro,"El presidente destaca la mejora en indicadores escogidos a conveniencia. Las congresistas aciertan en la mayoría de datos, con un par de excepciones y peros.",https://colombiacheck.com/chequeos/valencia-y-garrido-responden-con-mayoria-de-datos-ciertos-impreciso-balance-de-seguridad,0
colombiaCheck,Petro amaña avances en nuevos cupos universitarios y Castillo se precipita a declarar incumplimiento,"Ambos políticos tergiversan los resultados, que incluyen otros tipos de instituciones. El presidente da dos versiones del mismo dato y la congresista ignora que la meta va al día.",https://colombiacheck.com/chequeos/petro-amana-avances-en-nuevos-cupos-universitarios-y-castillo-se-precipita-declarar,0
colombiaCheck,Valencia acierta al desmentir cálculo falso de deudas de las EPS que Petro se sacó de la manga,El presidente insiste en argüir cuentas falaces para inflar la cifra en su cruzada contra el sistema de salud. La senadora de oposición tiene razón al corregirlo.,https://colombiacheck.com/chequeos/valencia-acierta-al-desmentir-calculo-falso-de-deudas-de-las-eps-que-petro-se-saco-de-la,0
colombiaCheck,"Montaje de valla ‘Uribe en la cárcel, Córdoba te odia’ fue hecho sobre otro con el mensaje opuesto","La imagen de la pancarta fue manipulada digitalmente y se basa en otra que fue publicada en 2020 con el mensaje “Uribe en libertad, Córdoba te apoya”.",https://colombiacheck.com/chequeos/montaje-de-valla-uribe-en-la-carcel-cordoba-te-odia-fue-hecho-sobre-otro-con-el-mensaje,0
colombiaCheck,Se burlan de Paloma Valencia con montaje de trino que atribuye sismo en Rusia a la condena de Uribe,"Aunque la senadora y precandidata presidencial opositora ha criticado el fallo contra el exmandatario, no existe registro del mensaje en X que le endosan.",https://colombiacheck.com/chequeos/se-burlan-de-paloma-valencia-con-montaje-de-trino-que-atribuye-sismo-en-rusia-la-condena,0
colombiaCheck,Condena a Álvaro Uribe revive fotomontaje donde lo ponen junto a Pablo Escobar,"La cara del expresidente fue sacada de una foto tomada años después de la muerte del jefe del Cartel de Medellín, como ya habíamos verificado.",https://colombiacheck.com/chequeos/condena-alvaro-uribe-revive-fotomontaje-donde-lo-ponen-junto-pablo-escobar,0
chequeado,Es falso que la figura de Milei en estas fotos de reuniones de gobierno sea la misma,"Usuarios en redes sociales viralizaron imágenes que comparan dos fotos oficiales en las que aparece el presidente Javier Milei, afirmando que su figura parece un “maniquí” o un montaje digital.Esto es falso. Si bien Milei hace una expresión similar y viste de manera parecida, existen diferencias claras en los pliegues de la campera, la posición del cierre y la pose del mandatario.",,0
chequeado,"No, esta foto de Katy Perry junto a Cristina Fernández de Kirchner no es real: es un montaje","La imagen original corresponde a un encuentro de la exmandataria con el expresidente colombiano Ernesto Samper a principios de agosto.La imagen de Perry que se utilizó corresponde a febrero de 2023, cuando la cantante estadounidense fue al programa “Jimmy Kimmel Live”.",,0
chequeado,"El peronismo renovaba 19 bancas en Diputados y ganó 21, contrario a lo que afirma una gráfica viral que distorsiona los resultados","Diversos posteos afirman que Fuerza Patria obtuvo solo “una banca” nueva en Diputados y como prueba comparten un gráfico que mostraría la repartición del resto de los escaños. Pero el peronismo renovaba 19 bancas y consiguió 21, es decir, sumó 2 más respecto a las que tenía, quedando con 39. En el Senado pasará de 21 a 24 bancas y tendrá mayoría propia.",,0
chequeado,Es falso que en el Conurbano bonaerense “cagan en un balde”: casi 9 de cada 10 viviendas tienen baño con inodoro con arrastre de agua,"Según el Censo 2022, en el Conurbano bonaerense el 87,4% de las viviendas particulares cuenta con “baño con inodoro con arrastre de agua”, es decir, casi 9 de cada 10.El porcentaje de cobertura de este tipo de sanitario es del 83,6% en La Matanza, el municipio con mayor cantidad de habitantes, y de 89,5% en todo el territorio provincial.",,0
chequeado,"No, este video de una ambulancia entrando a Casa Rosada no fue grabado en medio de la polémica por presuntas coimas en Discapacidad: es de junio de 2025",El video está sacado de contexto: fue grabado el 25 de junio de 2025 y no tiene relación con el operativo judicial ni con una atención médica al presidente.,,0
chequeado,"No, esta foto que supuestamente muestra  cómo “regalan bicicletas a cambio del voto en Lomas de Zamora” no es actual: circula desde 2023",La imagen no es actual ni fue tomada en septiembre de 2025: circula al menos desde agosto de 2023 en foros como Reddit y la red social X.No hay registros en medios nacionales ni reportes fidedignos de una entrega de bicicletas en Lomas de Zamora en septiembre de 2025.,,0
chequeado,Circularon videos de Milei y Kicillof hechos con IA: cómo identificarlos y cómo cuidarse de estas desinformaciones,"Volver a las fuentes, chequear las cuentas de los involucrados y observar el ecosistema digital son algunos de los consejos útiles para no caer en este tipo de desinformaciones.",,0
chequeado,"No, el spot de Axel Kicillof anunciando que va a aumentar impuestos no es real: el video fue generado con IA","Circula en redes un supuesto video de campaña del gobernador bonaerense en el que convoca a votar a Fuerza Patria. El video fue generado con inteligencia artificial, según herramientas de verificación como Hive Moderation.",,0
chequeado,La foto de un cartel en una estación de trenes con la frase “el 3% es para Karina” es un montaje; en la original se lee “el que corta no cobra”,"La imagen es una edición a partir de una foto tomada en diciembre de 2023, cuando el flamante gobierno de La Libertad Avanza impulsó el protocolo antipiquetes. En la foto original se lee: “El que corta no cobra. Si te están obligando podes denunciar anónimamente al 134”.",,0
chequeado,"Es falso que en las elecciones bonaerenses “los presos votan, pero los policías no”","Las personas privadas de la libertad no pueden votar en elecciones provinciales según la ley bonaerense vigente. Por otra parte, los policías pueden votar en sus mesas asignadas en el padrón electoral, con relevos operativos cuando sea posible, según la Junta Electoral bonaerense. De los 100 mil efectivos que tiene la Policía bonaerense, menos del 30% estará afectado al operativo electoral.",,0
chequeado,"Javier Milei, sobre las elecciones en la provincia de Buenos Aires: “Hasta votan los presos”",La ley electoral bonaerense prohíbe el derecho al voto para las categorías provinciales a todas las personas detenidas en el Sistema Penitenciario Bonaerense.,,0
chequeado,La foto de un hombre con un cartel que dice “discapapocitados con Milei Virrey del Pino” está editada; la original alude a la “fuerza del cielo”,El Presidente encabezó en Moreno el cierre de campaña de La Libertad Avanza para las elecciones de la provincia de Buenos Aires del 7 de septiembre. La fotografía está editada; en la original se puede leer “Fuerza del cielo Virrey del Pino”.,,0
chequeado,"Axel Kicillof, a Javier Milei: “Hiciste la devaluación más grande de la historia argentina”","El Gobernador se refirió al aumento del tipo de cambio oficial definido por el gobierno en diciembre de 2023, cuando éste se incrementó un 118,6%, uno de los saltos cambiarios diarios más altos. Si se tiene en cuenta la metodología recomendada por especialistas, la devaluación de 2023 se ubica entre las más importantes, pero no es la más grande, como dijo Kicillof..",,0
chequeado,Es falso que esta foto de Máximo Kirchner lo muestra con Diego Spagnuolo: está junto al periodista Jorge Lafauci,"Publicaciones en redes sociales afirman que una foto que circula en redes sociales muestra al diputado nacional Máximo Kirchner junto al extitular de la Agencia Nacional de Discapacidad (ANDIS), Diego Spagnuolo. Sin embargo, esto es falso.",,0
chequeado,"No, estas fotos y videos de protestas en Casa Rosada no se registraron en medio de la polémica por presuntas coimas en Discapacidad","El gobierno argentino enfrenta desde agosto de 2025 una polémica por supuesta corrupción en la adjudicación de fondos para discapacitados, que involucra a Karina Milei, hermana del mandatario.",,0
chequeado,"No, una multitud no se acercó a protestar “Karina es alta coimera” en Casa Rosada: el video viral no es actual y su audio fue manipulado","El video corresponde a marzo de 2025, cuando se registró una protesta contra la ministra de Seguridad, Patricia Bullrich.La canción que se utiliza proviene de un jingle difundido en el programa “Industria Nacional” del canal de streaming Gelatina.",,0
chequeado,Qué se sabe sobre el vínculo de José Luis Espert con el empresario Federico “Fred” Machado,"Espert, que busca renovar su banca en la Cámara de Diputados, fue candidato a presidente en 2019 y se lo acusa de haber utilizado un avión de Machado para viajar a Viedma a presentar su libro.",,0
chequeado,Agresión a Javier Milei en Lomas de Zamora: qué imágenes son verdaderas y cuáles falsas,Circulan en redes sociales fotos y videos falsos y verdaderos sobre la agresión al presidente Javier Milei durante la caravana de La Libertad Avanza en Lomas de Zamora este 27 de agosto.,,0
chequeado,"No, La Libertad Avanza no informó en X que Eduardo “Lule” Menem fue expulsado del partido a nivel nacional: el supuesto tuit es falso","La imagen es falsa: se trata de un montaje. No existen registros del supuesto tuit en las cuentas oficiales de LLA ni comunicados oficiales sobre el tema.Además, el contenido falso reutilizó el texto con el que LLA anunció la expulsión de Ramiro Marra el 29 de enero de 2025.",,0
chequeado,Chequeos a los dichos de Guillermo Francos durante la presentación de su informe de gestión ante Diputados,"El jefe de Gabinete se presentó ante la Cámara Baja para brindar su informe de gestión, el número 144 desde que se comenzó a utilizar este mecanismo. Chequeo a algunos de los dichos del funcionario.",,0
chequeado,"No, ni este es un video del desembarco de militares estadounidenses en Venezuela ni Donald Trump ha firmado una orden ejecutiva “de invasión a tierras venezolanas”","Circula un video en TikTok con el logo de CNN en Español que afirma mostrar “las primeras imágenes del desembarco de militares americanos a territorio venezolano”, publicado el domingo 24 de agosto de 2025. Eso es falso.",,0
chequeado,Es falso que una bebé fue anotada con el nombre “Chat Yipiti” en Colombia,"Circula en redes sociales y medios la presunta noticia de que una bebé nacida en la ciudad Cereté, Colombia, fue registrada con el nombre “Chat Yipiti” en referencia a ChatGPT, el chatbot de inteligencia artificial creado por OpenAI.Pero esto es falso. La Registraduría Nacional de dicho país emitió un comunicado aclarando que “a la fecha no existe ninguna inscripción de nacimiento con el nombre ‘Chat Yipiti’”.",,0
chequeado,Es falso que Cristiano Ronaldo flameó la bandera de Palestina en este video: la imagen es de un jugador marroquí en 2022,"El que aparece en la foto es el jugador marroquí Jawad El Yamiq, durante un partido del Mundial de Catar de 2022.",,0
chequeado,Es falso el comunicado de Conmebol con una supuesta descalificación de Independiente de los torneos sudamericanos tras los incidentes,"Luego de los incidentes ocurridos en el partido entre Independiente y Universidad de Chile, comenzó a circular en redes sociales un supuesto comunicado de Conmebol que resolvía la descalificación de ambos clubes del torneo, entre otras medidas.Sin embargo, este comunicado es falso.",,0
chequeado,Incidentes en el partido entre Independiente y la U. de Chile: no se registraron muertos al 22 de agosto de 2025 pero aún hay 3 personas internadas,Circula en redes sociales que murieron 6 personas tras los incidentes en el partido entre Independiente y Universidad de Chile del miércoles pasado.Esto es falso. El Ministerio de Salud bonaerense confirmó que no hay fallecidos hasta el momento y quedan 3 personas internadas por los incidentes al 22 de agosto de 2025.,,0
chequeado,"No, la IA de Meta no puede acceder a los chats de WhatsApp de forma automática","La IA de Meta en WhatsApp sólo puede leer mensajes que la mencionen y lo que el usuario elige compartir con ella, según aseguraron desde la empresa aChequeado.Los mensajes personales son privados y permanecen cifrados de extremo a extremo.",,0
chequeado,Las noticias falsas sobre Javier y Karina Milei que circularon en lo que va de las Elecciones 2025,"El próximo 26 de octubre se llevarán a cabo las elecciones legislativas nacionales, donde se renovarán 127 bancas en Diputados y 24 en el Senado.En este contexto, circulan desinformaciones sobre el presidente Javier Milei y la secretaria general de la Presidencia, Karina Milei.",,0
chequeado,Es falsa esta foto que muestra a varios líderes europeos esperando a ser atendidos por Trump en la Casa Blanca: fue hecha con IA,"Circula en redes sociales una foto del supuesto momento en el que líderes europeos esperan sentados en fila a ser atendidos por el presidente de Estados Unidos, Donald Trump. La imagen fue generada con inteligencia artificial (IA).",,0
chequeado,Es falso que Karina Milei está usando un reloj Rolex de US$ 35 mil en esta foto,El reloj que se ve en la imagen no es marca Rolex.Chequeado-que coordina junto aAFPla alianzaReverso-pudo comprobar que es el mismo reloj que la funcionaria ha usado en diversos actos públicos y que la marca es Grovana.,,0
chequeado,Es falso que el Gobierno instaló un nuevo corralito: no hay restricciones para que las personas retiren su dinero de los bancos,"Circulan en redes sociales posteos que aseguran que el Gobierno nacional instaló un nuevo “corralito” a los ahorros de las personas, pidiéndole a los bancos que “limiten la cantidad de dinero que puede retirar la gente”. No hay evidencia en este sentido.",,0
chequeado,Es falso que se suspendió la comercialización de medicamentos antigripales con fenilpropanolamina en la Argentina,"La ANMAT confirmó que la fenilpropanolamina está prohibida en la Argentina desde 2001 y que los medicamentos mencionados en el texto no contienen esa sustancia. Además, la cadena viral atribuye la medida a un organismo que no existe en el país.",,0
chequeado,"No, Furia, ex integrante de Gran Hermano, no dijo que estuvo internada con Javier Milei en un neuropsiquiátrico","Circula en redes sociales una placa con un supuesto textual de Juliana “Furia” Scaglione, la ex participante de Gran Hermano, diciendo que estuvo internada con el presidente, Javier Milei, en una clínica psiquiátrica. Esto es falso.",,0
chequeado,Es falso este video viral de una orca atacando a su entrenadora: fue generado con inteligencia artificial,"Circula en redes sociales un video que muestra el supuesto ataque de una orca a su entrenadora durante una presentación en un acuario.Sin embargo, esto es falso. El video fue generado con inteligencia artificial según herramientas de verificación. Además,  no hay registros del hecho.",,0
chequeado,"La Cámara de Diputados no votó eliminar las facultades delegadas por el Congreso al Gobierno, sí decretos","Circula en redes sociales que los legisladores votaron para quitarle esos poderes enmendados. Sin embargo, la decisión solo afecta a los decretos y no a las facultades delegadas -que ya caducaron en julio- y, además, todavía debe ser tratada por el Senado.",,0
chequeado,"No, no hay pruebas de que el filósofo chino Sun Tzu haya dicho: “El gobernante cobarde es capaz de prender fuego a su propio país con tal de reinar sobre sus cenizas”","Investigaciones realizadas por sitios de verificación de datos y especialistas en Sun Tzu revelan que la frase viral recién comenzó a circular en internet a fines del 2020, miles de años después de la muerte del filósofo chino.",,0
chequeado,"Axel Kicillof: “Los títulos públicos que emite el Gobierno generaron intereses por más o menos $ 29 billones, eso es más que lo que pagó en jubilaciones”","En los primeros 6 meses de 2025 los intereses de deuda capitalizables aumentaron $ 30 billones, mientras que los gastos en jubilaciones y pensiones ascendieron a $ 24 billones. Pero durante la presidencia de Alberto Fernández también se registró una situación similar.",,0
chequeado,Axel Kicillof: “Milei cortó todos los fondos nacionales para seguridad y educación”,"El Gobierno nacional interrumpió el giro de algunos recursos (como el Fondo Nacional de Incentivo Docente, el Conectar Igualdad y el Fondo de Fortalecimiento para la Policía), pero continuó con el envío de otro tipo de fondos, que no obstante sufrieron una caída en términos reales en los primeros 7 meses de 2025.",,0
chequeado,"Javier Milei: “Como dijo Sun Tzu hace más de 2 milenios, el gobernante cobarde es capaz de prender fuego a su propio país con tal de reinar sobre sus cenizas”","Investigaciones realizadas por sitios de verificación de datos y especialistas en Sun Tzu revelan que la frase viral recién comenzó a circular en internet a fines del 2020, miles de años después de la muerte del filósofo chino.",,0
chequeado,"No, el crimen violento no aumentó en Washington D.C., como afirmó Trump al declarar en emergencia a la ciudad","Las cifras oficiales reflejan que los crímenes violentos han disminuido en D.C. desde 2023. En 2024, se registró la mitad de crímenes violentos de los reportados en 2019, durante el primer mandato de Trump. No obstante, Washington D.C. está entre las 10 ciudades en Estados Unidos con mayor tasa de homicidios por cada 100 mil habitantes al menos desde 2017.",,0
chequeado,Es falso que la plataforma de videojuegos Roblox será eliminada a nivel mundial,"No hay registros oficiales del supuesto cierre. Además, la propia compañía desmiente esta desinformación desde, al menos, 2020.Aunque no existe prohibición mundial, en los últimos años países como Turquía, China, Corea del Norte, Jordania, Omán y Emiratos Árabes Unidos han bloqueado el acceso por “motivos de protección infantil”.",,0
chequeado,"Es falso el video en el que Axel Kicillof contesta: “Hoy no tengo una propuesta, tenemos que buscarla”","Circula en redes un supuesto fragmento de una entrevista al gobernador bonaerense. El video está editado. En la entrevista original, el mandatario mencionó prioridades del peronismo, habló del empleo y de la deuda con el Fondo Monetario Internacional (FMI).",,0
chequeado,Es falso que Fito Paéz promociona un tratamiento del doctor Daniel López Rosetti: este video fue realizado con IA,"Entre otras pruebas, el movimiento de los labios del músico y el médico no es natural. López Rossetti ya advirtió sobre estafas que usan su imagen con IA para promocionar falsos medicamentos.",,0
chequeado,"No, esta foto de un policía golpeando a una persona con discapacidad no es actual ni fue tomada en Argentina: es de 2016 y ocurrió en Bolivia","“Está foto resume el gobierno de Milei”, dicen los posteos virales. Sin embargo, esto es falso: la imagen no es actual ni corresponde a una manifestación desarrollada en Argentina. La foto fue tomada en Bolivia, en 2016.",,0
chequeado,Es falso que Lilia Lemoine haya faltado a la sesión en la que se aprobó el financiamiento para las universidades y el Garrahan,"Más de 1.500 usuarios en redes sociales afirman que la diputada nacional de La Libertad Avanza faltó a la sesión. Sin embargo, su nombre figura en la planilla de asistencia y la transmisión de la sesión muestra que participó del debate.",,0
chequeado,Javier Milei en La Rural: “Volvimos a permitir la importación de maquinaria usada reduciendo sus costos hasta un 50%”,"Durante su discurso en La Rural, Javier Milei, destacó la eliminación, en abril de 2025, de las restricciones para importar maquinaria agrícola usada. Aunque el Gobierno prevé una baja del 50% en los costos, aún no hay datos concretos que respalden ese efecto en el sector.",,0
chequeado,Es falso que Meta AI envíe este mensaje que alerta sobre la suspensión de la cuenta: se trata de un caso de phishing,Los mensajes simulan ser de Meta y solicitan verificar la cuenta para evitar su suspensión.Meta aclara que nunca solicita información personal por mensajes y recomienda activar la autenticación en dos pasos para proteger la cuenta.,,0
chequeado,Expedición del Conicet al cañón submarino de Mar del Plata: cuidado con los intentos de estafas que circulan pidiendo donaciones,"El Grupo de Estudio del Mar Profundo de Argentina (Gempa), que se encarga de explicar diariamente los avances de la expedición en tiempo real, aclaró oficialmente que no aceptan ningún tipo de colaboración ni donaciones para la investigación.",,0
chequeado,"No, este video de especies marinas no pertenece a la expedición científica del Conicet al cañón submarino de Mar del Plata: fue realizada con IA","Circula en redes sociales un video viral que muestra especies marinas supuestamente filmadas por la expedición científica del Conicet al cañón submarino de Mar del Plata.Sin embargo, esto es falso. El video fue generado con inteligencia artificial y circula hace al menos 2 meses, cuando la travesía aún no había comenzado.",,0
chequeado,El video de una ambulancia en Casa Rosada fue filmado hace más de un mes y no durante la reciente suba del dólar,"El 31 de julio, el precio del dólar en la Argentina subió un 4,15% y cerró el mes con un aumento del 13,58%. En ese marco, circuló en redes sociales el video de una ambulancia ingresando a la Casa Rosada supuestamente ese día, luego de una presunta pelea entre el presidente Javier Milei y su ministro de Economía, Luis Caputo. Pero la secuencia fue registrada el 25 de junio de 2025.",,0
chequeado,"Este video que muestra un tsunami de hielo en Rusia es verdadero, pero no tiene relación con el reciente terremoto: ocurrió en enero de 2025","El fenómeno ocurrió en enero de 2025 en el Lago Baikal, en Rusia. El video muestra un tsunami de hielo que no se origina por actividad sísmica, sino por la acumulación de placas de hielo sobre la costa.",,0
